id_cliente_api,id_registro_api,titulo_api,descripcion_api,fuente_api
2,1,Pedido API demo 1,Registro demo generado por falta de conexion externa,Demo local
3,2,Pedido API demo 2,Registro demo generado por falta de conexion externa,Demo local
4,3,Pedido API demo 3,Registro demo generado por falta de conexion externa,Demo local
5,4,Pedido API demo 4,Registro demo generado por falta de conexion externa,Demo local
6,5,Pedido API demo 5,Registro demo generado por falta de conexion externa,Demo local
7,6,Pedido API demo 6,Registro demo generado por falta de conexion externa,Demo local
8,7,Pedido API demo 7,Registro demo generado por falta de conexion externa,Demo local
9,8,Pedido API demo 8,Registro demo generado por falta de conexion externa,Demo local
10,9,Pedido API demo 9,Registro demo generado por falta de conexion externa,Demo local
11,10,Pedido API demo 10,Registro demo generado por falta de conexion externa,Demo local
12,11,Pedido API demo 11,Registro demo generado por falta de conexion externa,Demo local
13,12,Pedido API demo 12,Registro demo generado por falta de conexion externa,Demo local
14,13,Pedido API demo 13,Registro demo generado por falta de conexion externa,Demo local
15,14,Pedido API demo 14,Registro demo generado por falta de conexion externa,Demo local
16,15,Pedido API demo 15,Registro demo generado por falta de conexion externa,Demo local
17,16,Pedido API demo 16,Registro demo generado por falta de conexion externa,Demo local
18,17,Pedido API demo 17,Registro demo generado por falta de conexion externa,Demo local
19,18,Pedido API demo 18,Registro demo generado por falta de conexion externa,Demo local
20,19,Pedido API demo 19,Registro demo generado por falta de conexion externa,Demo local
21,20,Pedido API demo 20,Registro demo generado por falta de conexion externa,Demo local
22,21,Pedido API demo 21,Registro demo generado por falta de conexion externa,Demo local
23,22,Pedido API demo 22,Registro demo generado por falta de conexion externa,Demo local
24,23,Pedido API demo 23,Registro demo generado por falta de conexion externa,Demo local
25,24,Pedido API demo 24,Registro demo generado por falta de conexion externa,Demo local
26,25,Pedido API demo 25,Registro demo generado por falta de conexion externa,Demo local
27,26,Pedido API demo 26,Registro demo generado por falta de conexion externa,Demo local
28,27,Pedido API demo 27,Registro demo generado por falta de conexion externa,Demo local
29,28,Pedido API demo 28,Registro demo generado por falta de conexion externa,Demo local
30,29,Pedido API demo 29,Registro demo generado por falta de conexion externa,Demo local
31,30,Pedido API demo 30,Registro demo generado por falta de conexion externa,Demo local
32,31,Pedido API demo 31,Registro demo generado por falta de conexion externa,Demo local
33,32,Pedido API demo 32,Registro demo generado por falta de conexion externa,Demo local
34,33,Pedido API demo 33,Registro demo generado por falta de conexion externa,Demo local
35,34,Pedido API demo 34,Registro demo generado por falta de conexion externa,Demo local
36,35,Pedido API demo 35,Registro demo generado por falta de conexion externa,Demo local
37,36,Pedido API demo 36,Registro demo generado por falta de conexion externa,Demo local
38,37,Pedido API demo 37,Registro demo generado por falta de conexion externa,Demo local
39,38,Pedido API demo 38,Registro demo generado por falta de conexion externa,Demo local
40,39,Pedido API demo 39,Registro demo generado por falta de conexion externa,Demo local
41,40,Pedido API demo 40,Registro demo generado por falta de conexion externa,Demo local
42,41,Pedido API demo 41,Registro demo generado por falta de conexion externa,Demo local
43,42,Pedido API demo 42,Registro demo generado por falta de conexion externa,Demo local
44,43,Pedido API demo 43,Registro demo generado por falta de conexion externa,Demo local
45,44,Pedido API demo 44,Registro demo generado por falta de conexion externa,Demo local
46,45,Pedido API demo 45,Registro demo generado por falta de conexion externa,Demo local
47,46,Pedido API demo 46,Registro demo generado por falta de conexion externa,Demo local
48,47,Pedido API demo 47,Registro demo generado por falta de conexion externa,Demo local
49,48,Pedido API demo 48,Registro demo generado por falta de conexion externa,Demo local
50,49,Pedido API demo 49,Registro demo generado por falta de conexion externa,Demo local
51,50,Pedido API demo 50,Registro demo generado por falta de conexion externa,Demo local
52,51,Pedido API demo 51,Registro demo generado por falta de conexion externa,Demo local
53,52,Pedido API demo 52,Registro demo generado por falta de conexion externa,Demo local
54,53,Pedido API demo 53,Registro demo generado por falta de conexion externa,Demo local
55,54,Pedido API demo 54,Registro demo generado por falta de conexion externa,Demo local
56,55,Pedido API demo 55,Registro demo generado por falta de conexion externa,Demo local
57,56,Pedido API demo 56,Registro demo generado por falta de conexion externa,Demo local
58,57,Pedido API demo 57,Registro demo generado por falta de conexion externa,Demo local
59,58,Pedido API demo 58,Registro demo generado por falta de conexion externa,Demo local
60,59,Pedido API demo 59,Registro demo generado por falta de conexion externa,Demo local
61,60,Pedido API demo 60,Registro demo generado por falta de conexion externa,Demo local
62,61,Pedido API demo 61,Registro demo generado por falta de conexion externa,Demo local
63,62,Pedido API demo 62,Registro demo generado por falta de conexion externa,Demo local
64,63,Pedido API demo 63,Registro demo generado por falta de conexion externa,Demo local
65,64,Pedido API demo 64,Registro demo generado por falta de conexion externa,Demo local
66,65,Pedido API demo 65,Registro demo generado por falta de conexion externa,Demo local
67,66,Pedido API demo 66,Registro demo generado por falta de conexion externa,Demo local
68,67,Pedido API demo 67,Registro demo generado por falta de conexion externa,Demo local
69,68,Pedido API demo 68,Registro demo generado por falta de conexion externa,Demo local
70,69,Pedido API demo 69,Registro demo generado por falta de conexion externa,Demo local
71,70,Pedido API demo 70,Registro demo generado por falta de conexion externa,Demo local
72,71,Pedido API demo 71,Registro demo generado por falta de conexion externa,Demo local
73,72,Pedido API demo 72,Registro demo generado por falta de conexion externa,Demo local
74,73,Pedido API demo 73,Registro demo generado por falta de conexion externa,Demo local
75,74,Pedido API demo 74,Registro demo generado por falta de conexion externa,Demo local
76,75,Pedido API demo 75,Registro demo generado por falta de conexion externa,Demo local
77,76,Pedido API demo 76,Registro demo generado por falta de conexion externa,Demo local
78,77,Pedido API demo 77,Registro demo generado por falta de conexion externa,Demo local
79,78,Pedido API demo 78,Registro demo generado por falta de conexion externa,Demo local
80,79,Pedido API demo 79,Registro demo generado por falta de conexion externa,Demo local
81,80,Pedido API demo 80,Registro demo generado por falta de conexion externa,Demo local
82,81,Pedido API demo 81,Registro demo generado por falta de conexion externa,Demo local
83,82,Pedido API demo 82,Registro demo generado por falta de conexion externa,Demo local
84,83,Pedido API demo 83,Registro demo generado por falta de conexion externa,Demo local
85,84,Pedido API demo 84,Registro demo generado por falta de conexion externa,Demo local
86,85,Pedido API demo 85,Registro demo generado por falta de conexion externa,Demo local
87,86,Pedido API demo 86,Registro demo generado por falta de conexion externa,Demo local
88,87,Pedido API demo 87,Registro demo generado por falta de conexion externa,Demo local
89,88,Pedido API demo 88,Registro demo generado por falta de conexion externa,Demo local
90,89,Pedido API demo 89,Registro demo generado por falta de conexion externa,Demo local
91,90,Pedido API demo 90,Registro demo generado por falta de conexion externa,Demo local
92,91,Pedido API demo 91,Registro demo generado por falta de conexion externa,Demo local
93,92,Pedido API demo 92,Registro demo generado por falta de conexion externa,Demo local
94,93,Pedido API demo 93,Registro demo generado por falta de conexion externa,Demo local
95,94,Pedido API demo 94,Registro demo generado por falta de conexion externa,Demo local
96,95,Pedido API demo 95,Registro demo generado por falta de conexion externa,Demo local
97,96,Pedido API demo 96,Registro demo generado por falta de conexion externa,Demo local
98,97,Pedido API demo 97,Registro demo generado por falta de conexion externa,Demo local
99,98,Pedido API demo 98,Registro demo generado por falta de conexion externa,Demo local
100,99,Pedido API demo 99,Registro demo generado por falta de conexion externa,Demo local
101,100,Pedido API demo 100,Registro demo generado por falta de conexion externa,Demo local
