producto,precio,categoria
Tablet,,México
Mouse,13202.0,
Camara,11648.0,México
Monitor,774.0,México
Impresora,,
Camara,,mx
Audifonos,11809.0,mx
Impresora,12035.0,mex
Impresora,,mx
Teclado,,mex
Laptop,,mx
Laptop,7673.0,México
Audifonos,13746.0,mx
Bocinas,,mx
Impresora,13155.0,mex
Mouse,16363.0,mex
Bocinas,18192.0,México
Mouse,,mex
Audifonos,7891.0,México
Impresora,19887.0,mex
Tablet,1740.0,mx
Teclado,,México
Mouse,11603.0,
Audifonos,6202.0,México
Teclado,,mx
Mouse,,
Audifonos,13825.0,
Impresora,,mx
Tablet,2054.0,mex
Monitor,11389.0,
Teclado,8744.0,mx
Bocinas,11100.0,
Tablet,12160.0,mex
Tablet,19180.0,mex
Teclado,,mex
Bocinas,8363.0,
Audifonos,9298.0,
Mouse,9118.0,México
Teclado,,mex
Laptop,4873.0,México
Mouse,1641.0,mx
Bocinas,13856.0,mx
Teclado,9567.0,
Laptop,6866.0,mex
Impresora,,
Mouse,7947.0,México
Bocinas,,mx
Bocinas,,mex
Laptop,,México
Tablet,12284.0,mx
Audifonos,1547.0,mx
Teclado,12164.0,México
Laptop,,mex
Monitor,9647.0,
Teclado,19133.0,
Tablet,,
Camara,,México
Impresora,,
Mouse,,mx
Monitor,16039.0,México
Bocinas,,
Camara,2068.0,México
Monitor,16517.0,mex
Audifonos,525.0,mex
Monitor,,mex
Camara,16131.0,mex
Audifonos,,mex
Teclado,7648.0,México
Camara,,mex
Audifonos,,mx
Audifonos,,
Bocinas,,mx
Teclado,,mx
Teclado,,mx
Bocinas,10032.0,
Teclado,,mx
Mouse,,
Monitor,,
Impresora,,mex
Tablet,,mex
Bocinas,10604.0,México
Camara,,mx
Impresora,9027.0,mx
Tablet,15653.0,mex
Laptop,,México
Bocinas,,
Laptop,3644.0,mex
Audifonos,12630.0,México
Impresora,3486.0,
Camara,12092.0,
Impresora,,México
Audifonos,10075.0,mx
Teclado,,mex
Mouse,,
Audifonos,13267.0,
Audifonos,17865.0,mx
Camara,,mex
Audifonos,,mx
Laptop,,
Impresora,,
Mouse,,México
Monitor,1504.0,México
Impresora,,México
Bocinas,,mex
Laptop,,mx
Camara,1633.0,mx
Camara,4480.0,
Impresora,,mex
Camara,3584.0,
Camara,12184.0,México
Camara,15543.0,mx
Impresora,4558.0,mx
Monitor,,mex
Camara,7389.0,mx
Bocinas,,mx
Bocinas,,mx
Monitor,4510.0,
Mouse,,México
Monitor,,México
Tablet,,México
Teclado,8106.0,mex
Teclado,9860.0,
Laptop,6901.0,mex
Mouse,,México
Camara,555.0,
Laptop,,mex
Teclado,6939.0,mex
Teclado,,
Mouse,13070.0,mx
Laptop,,México
Laptop,13691.0,mx
Monitor,,México
Bocinas,,mex
Tablet,13787.0,
Audifonos,,
Bocinas,,México
Teclado,7720.0,mx
Laptop,5562.0,mx
Camara,2983.0,
Laptop,16596.0,mx
Impresora,6824.0,mx
Laptop,,mx
Bocinas,,
Bocinas,1439.0,mex
Teclado,,México
Mouse,,mx
Laptop,15961.0,mex
Camara,16560.0,mex
Monitor,,mx
Tablet,,mex
Laptop,,mx
Teclado,19975.0,mx
Mouse,,mx
Tablet,,mx
Mouse,,
Mouse,,mex
Bocinas,,mex
Mouse,,México
Audifonos,,mex
Teclado,9043.0,México
Teclado,,mex
Impresora,,mx
Impresora,11163.0,
Laptop,6569.0,México
Camara,,
Tablet,10010.0,
Monitor,6585.0,México
Camara,,mx
Laptop,,
Camara,8137.0,
Bocinas,15354.0,mx
Teclado,,
Monitor,13153.0,mx
Bocinas,19464.0,
Laptop,7659.0,mex
Laptop,6033.0,México
Bocinas,16922.0,mx
Teclado,,México
Mouse,1999.0,mx
Tablet,,México
Impresora,5415.0,México
Bocinas,,
Laptop,,
Camara,,mx
Mouse,6317.0,mex
Monitor,,mex
Teclado,15464.0,mex
Tablet,,mx
Audifonos,10062.0,mex
Audifonos,2643.0,
Laptop,,
Audifonos,,mx
Impresora,4597.0,
Laptop,17032.0,México
Mouse,18842.0,mex
Audifonos,7919.0,mx
Impresora,,mx
Teclado,3442.0,
Tablet,5248.0,mx
Camara,,
Tablet,,mex
Bocinas,16856.0,mex
Laptop,10671.0,
Bocinas,17003.0,
Audifonos,,mex
Tablet,,mex
Camara,11165.0,mx
Teclado,,mex
Monitor,,
Monitor,,México
Impresora,7468.0,mx
Monitor,14096.0,México
Teclado,,México
Bocinas,,México
Mouse,,
Mouse,3234.0,México
Tablet,,
Tablet,16476.0,mx
Tablet,,México
Bocinas,18911.0,mex
Bocinas,7805.0,
Teclado,16884.0,
Camara,,mx
Tablet,14720.0,México
Camara,,mx
Bocinas,,
Impresora,,
Audifonos,,mex
Mouse,4062.0,mex
Bocinas,,México
Teclado,3427.0,mx
Impresora,892.0,mx
Laptop,15340.0,México
Tablet,,México
Impresora,10617.0,México
Tablet,19037.0,México
Monitor,,
Tablet,17148.0,mx
Impresora,,México
Mouse,,
Monitor,13095.0,mex
Monitor,13196.0,mex
Camara,7719.0,México
Tablet,8914.0,
Audifonos,11811.0,
Impresora,15435.0,mx
Bocinas,,mx
Bocinas,,mx
Camara,,mex
Mouse,9173.0,
Teclado,,México
Audifonos,10768.0,
Camara,19182.0,
Audifonos,7384.0,México
Impresora,6763.0,mx
Laptop,2668.0,mex
Mouse,,México
Camara,2576.0,
Mouse,958.0,México
Camara,8932.0,mex
Laptop,,mex
Monitor,17234.0,mx
Teclado,,mx
Impresora,17648.0,mx
Mouse,,
Laptop,9328.0,
Teclado,19515.0,mex
Laptop,8269.0,
Mouse,11685.0,mex
Audifonos,4364.0,mex
Tablet,,
Audifonos,14543.0,
Teclado,7594.0,mex
Monitor,1800.0,mx
Bocinas,5022.0,
Laptop,11384.0,mx
Camara,9917.0,mx
Bocinas,1623.0,México
Camara,,México
Monitor,855.0,mx
Tablet,13106.0,
Laptop,,
Laptop,9637.0,
Tablet,,mx
Mouse,,México
Laptop,,mex
Bocinas,,mex
Tablet,19795.0,México
Impresora,2760.0,mx
Camara,,México
Mouse,,
Audifonos,19241.0,mx
Monitor,,mex
Audifonos,19491.0,México
Bocinas,12297.0,México
Teclado,,mx
Audifonos,,mex
Mouse,697.0,México
Laptop,,mx
Teclado,14206.0,México
Laptop,1577.0,
Mouse,11389.0,
Monitor,8562.0,mex
Tablet,19390.0,mex
Camara,,
Audifonos,,
Audifonos,10379.0,México
Tablet,,mx
Mouse,8717.0,mx
Teclado,,mex
Camara,,mx
Laptop,,
Audifonos,2631.0,mx
Monitor,7314.0,mx
Camara,7114.0,mex
Laptop,5708.0,mx
Tablet,13671.0,México
Impresora,5716.0,México
Bocinas,11108.0,mex
Tablet,14300.0,mex
Audifonos,,mx
Laptop,,México
Mouse,8104.0,
Camara,,mx
Laptop,16145.0,mx
Mouse,2066.0,mex
Laptop,4704.0,
Laptop,,mex
Bocinas,12650.0,mex
Bocinas,,mx
Impresora,,
Audifonos,16927.0,México
Tablet,,mex
Bocinas,,mx
Mouse,8383.0,
Teclado,16717.0,mx
Camara,6787.0,México
Laptop,19512.0,
Teclado,,mex
Mouse,,mex
Laptop,,México
Tablet,15731.0,mex
Camara,12562.0,
Bocinas,9957.0,mex
Laptop,14666.0,México
Audifonos,3460.0,mex
Monitor,,México
Tablet,,
Monitor,9264.0,
Laptop,,México
Impresora,,mx
Laptop,11571.0,mex
Camara,4392.0,
Audifonos,,
Monitor,10623.0,mx
Teclado,,mex
Bocinas,3002.0,mx
Bocinas,4919.0,mx
Monitor,,mex
Impresora,,
Monitor,17670.0,México
Audifonos,,mex
Bocinas,8324.0,mex
Monitor,4412.0,mx
Tablet,17761.0,
Audifonos,,México
Laptop,,mx
Bocinas,16814.0,México
Bocinas,5435.0,mex
Impresora,,
Laptop,,mex
Mouse,16619.0,México
Tablet,,mx
Impresora,,
Impresora,17815.0,mex
Camara,,mex
Impresora,14843.0,mx
Impresora,7845.0,mex
Audifonos,,mx
Bocinas,5127.0,mx
Camara,,México
Monitor,17043.0,mx
Tablet,,mx
Tablet,,mex
Tablet,6668.0,mx
Tablet,,mex
Audifonos,8012.0,mex
Teclado,17226.0,México
Impresora,,mx
Audifonos,,
Monitor,,mx
Monitor,19339.0,
Tablet,,México
Camara,9843.0,México
Mouse,6563.0,mex
Monitor,7000.0,mex
Laptop,4301.0,mx
Monitor,18652.0,México
Monitor,,mx
Teclado,,México
Laptop,,mx
Audifonos,,
Teclado,10521.0,mx
Monitor,,mex
Audifonos,11149.0,mex
Teclado,,
Audifonos,,
Laptop,,México
Bocinas,1366.0,mex
Monitor,910.0,mex
Impresora,,México
Teclado,14499.0,México
Teclado,13710.0,mex
Monitor,9925.0,México
Mouse,10818.0,México
Monitor,,mx
Camara,,mx
Camara,,
Audifonos,,México
Laptop,14898.0,mex
Laptop,19515.0,mex
Laptop,,mex
Monitor,12877.0,México
Bocinas,,mex
Camara,,mx
Bocinas,,
Impresora,,México
Mouse,,México
Camara,2921.0,mx
Laptop,,
Teclado,17888.0,mex
Audifonos,9621.0,mex
Monitor,10654.0,mex
Tablet,,mx
Teclado,,mx
Mouse,12152.0,mex
Monitor,13334.0,
Impresora,,México
Laptop,13524.0,México
Impresora,2025.0,mex
Bocinas,,México
Mouse,7541.0,mex
Teclado,14511.0,mx
Camara,3626.0,mex
Laptop,,
Monitor,18128.0,mex
Impresora,9577.0,mex
Tablet,,
Bocinas,15558.0,
Tablet,,México
Bocinas,,mx
Impresora,10079.0,mx
Camara,10617.0,México
Mouse,10202.0,
Bocinas,,mex
Tablet,,mx
Laptop,3006.0,mx
Mouse,,mex
Tablet,,mx
Impresora,14050.0,mx
Bocinas,2955.0,
Tablet,,mx
Teclado,9562.0,
Impresora,,
Tablet,19355.0,mex
Bocinas,8004.0,México
Audifonos,,mex
Impresora,,mex
Teclado,,
Camara,,
Camara,652.0,mx
Tablet,,México
Tablet,239.0,México
Monitor,8399.0,
Bocinas,,México
Teclado,16810.0,mx
Impresora,,
Monitor,5766.0,mx
Impresora,15110.0,
Laptop,,mx
Audifonos,10383.0,México
Teclado,,México
Impresora,,México
Bocinas,,mex
Laptop,15440.0,mx
Tablet,,
Bocinas,7450.0,
Tablet,,mex
Bocinas,3019.0,mex
Audifonos,17397.0,México
Camara,,mex
Impresora,19189.0,mex
Bocinas,,mex
Camara,,
Audifonos,,mex
Laptop,,
Impresora,,mex
Monitor,,mx
Audifonos,,
Bocinas,,México
Impresora,9434.0,mex
Tablet,,mex
Bocinas,15664.0,mex
Bocinas,5781.0,mex
Teclado,3400.0,
Tablet,,mex
Mouse,,mex
Audifonos,15772.0,mex
Teclado,12787.0,mex
Audifonos,,mx
Camara,8681.0,México
Impresora,8960.0,
Bocinas,2771.0,mx
Monitor,11497.0,mx
Bocinas,,mx
Laptop,,
Mouse,,mex
Monitor,673.0,
Audifonos,11530.0,mex
Laptop,,
Laptop,15578.0,México
Monitor,,mex
Bocinas,13652.0,mx
Impresora,,
Teclado,19878.0,mex
Impresora,,mx
Bocinas,,
Tablet,15005.0,México
Bocinas,8144.0,mx
Monitor,,mx
Bocinas,7298.0,México
Audifonos,,
Laptop,,mx
Laptop,,mx
Tablet,4302.0,México
Camara,,
Teclado,,mex
Camara,,mex
Camara,17626.0,mex
Audifonos,,México
Laptop,,
Teclado,9216.0,mex
Laptop,,México
Impresora,,
Mouse,10761.0,mex
Impresora,13969.0,México
Bocinas,5530.0,mex
Monitor,,México
Monitor,9772.0,mex
Teclado,14894.0,mx
Monitor,15953.0,mx
Audifonos,15199.0,mx
Teclado,3498.0,México
Teclado,15618.0,
Teclado,,mex
Teclado,8129.0,México
Laptop,18851.0,México
Laptop,,mx
Bocinas,9726.0,mx
Bocinas,,México
Monitor,13271.0,México
Audifonos,9738.0,mx
Impresora,10820.0,mx
Monitor,,mex
Monitor,,
Bocinas,14400.0,México
Bocinas,,México
Audifonos,15749.0,mex
Mouse,,mex
Camara,2278.0,mex
Camara,9054.0,mx
Monitor,6870.0,México
Bocinas,,mex
Impresora,7820.0,
Impresora,6323.0,mx
Audifonos,290.0,
Teclado,,mx
Laptop,9659.0,mex
Camara,,
Audifonos,,
Monitor,13153.0,mx
Bocinas,,México
Bocinas,17420.0,mx
Teclado,,México
Impresora,,mx
Audifonos,,mx
Mouse,,mx
Laptop,,México
Teclado,10043.0,
Camara,3414.0,México
Camara,19822.0,mx
Bocinas,18460.0,
Teclado,,
Monitor,16013.0,México
Monitor,19720.0,
Mouse,,mex
Teclado,19123.0,
Laptop,,
Audifonos,18671.0,mex
Laptop,,México
Audifonos,,México
Laptop,,mex
Monitor,,mx
Impresora,6169.0,mex
Teclado,,México
Monitor,12283.0,mx
Audifonos,9157.0,México
Tablet,17535.0,mx
Mouse,,mx
Tablet,6430.0,
Teclado,,mx
Impresora,,
Impresora,,
Bocinas,,mx
Camara,,mex
Camara,13197.0,
Audifonos,,mex
Camara,,mex
Monitor,,mx
Mouse,,mex
Mouse,,México
Monitor,843.0,mex
Tablet,6693.0,mx
Monitor,17221.0,México
Bocinas,7617.0,México
Bocinas,,mex
Camara,12457.0,mex
Mouse,,
Audifonos,13406.0,
Tablet,,
Audifonos,12601.0,mx
Teclado,6843.0,
Bocinas,15634.0,México
Camara,6082.0,mex
Audifonos,14385.0,mx
Tablet,9212.0,
Camara,2761.0,México
Tablet,,mx
Bocinas,3749.0,mex
Audifonos,14276.0,mx
Impresora,4098.0,mx
Tablet,,
Laptop,,mx
Camara,,México
Mouse,18644.0,mex
Monitor,,México
Bocinas,8335.0,mex
Laptop,,México
Tablet,4130.0,mx
Mouse,11712.0,México
Laptop,,mex
Audifonos,9214.0,México
Monitor,17088.0,mex
Laptop,12864.0,mex
Bocinas,,
Teclado,13239.0,mx
Camara,,
Camara,,México
Monitor,,México
Camara,1939.0,mex
Laptop,6671.0,mx
Monitor,998.0,mex
Monitor,,
Camara,15374.0,mx
Mouse,9360.0,
Bocinas,,México
Teclado,,México
Teclado,,mx
Mouse,,mex
Camara,5236.0,México
Bocinas,,mex
Camara,,México
Bocinas,5814.0,mx
Impresora,10849.0,México
Camara,,México
Camara,,
Tablet,11008.0,México
Bocinas,17247.0,mex
Camara,5090.0,mex
Bocinas,10213.0,mx
Impresora,14871.0,mx
Bocinas,495.0,mx
Monitor,,
Impresora,3217.0,México
Audifonos,12767.0,mx
Mouse,3786.0,mx
Laptop,,
Impresora,,mex
Bocinas,,mex
Bocinas,,México
Laptop,,mex
Camara,,
Teclado,,
Mouse,12760.0,mx
Monitor,3533.0,México
Audifonos,,mx
Mouse,,mx
Mouse,,mex
Teclado,,mx
Audifonos,,mex
Laptop,12611.0,mex
Audifonos,3804.0,mx
Impresora,13662.0,México
Impresora,12093.0,mx
Audifonos,19766.0,
Audifonos,,
Audifonos,,México
Bocinas,17284.0,
Impresora,,mex
Audifonos,18232.0,
Impresora,18971.0,mex
Tablet,,México
Monitor,,
Laptop,,mex
Teclado,,México
Impresora,13756.0,mx
Camara,,mx
Laptop,,
Laptop,1676.0,México
Laptop,12354.0,mex
Mouse,,México
Audifonos,,México
Bocinas,,
Monitor,,mex
Laptop,9183.0,mx
Camara,,México
Monitor,,mx
Teclado,18916.0,
Mouse,16895.0,México
Audifonos,,México
Monitor,,
Monitor,,
Audifonos,13285.0,mex
Monitor,,México
Teclado,15122.0,
Camara,,mex
Impresora,,México
Mouse,,México
Mouse,,mx
Monitor,16941.0,México
Bocinas,,
Audifonos,,
Bocinas,12955.0,mx
Bocinas,,
Mouse,14777.0,
Impresora,,mx
Tablet,11238.0,mex
Camara,18957.0,mx
Tablet,,
Monitor,,México
Laptop,,México
Camara,12791.0,México
Bocinas,,mex
Camara,14013.0,
Camara,10985.0,mex
Mouse,8868.0,mex
Mouse,,
Teclado,13025.0,
Monitor,2466.0,mex
Monitor,,mex
Impresora,,mx
Monitor,4643.0,mx
Audifonos,301.0,mx
Tablet,,mex
Mouse,3519.0,mex
Camara,4473.0,
Laptop,9827.0,mx
Camara,3665.0,mex
Impresora,9363.0,mex
Impresora,,mex
Laptop,11802.0,mex
Tablet,,mex
Tablet,,México
Tablet,13510.0,mx
Laptop,2818.0,México
Tablet,,México
Impresora,,México
Tablet,9865.0,México
Monitor,,México
Camara,,México
Monitor,19890.0,mex
Teclado,10982.0,mex
Camara,5708.0,México
Camara,,mx
Laptop,,mex
Laptop,7253.0,México
Teclado,4740.0,mx
Teclado,14949.0,mx
Camara,,mex
Bocinas,,México
Bocinas,18333.0,mex
Bocinas,,
Mouse,7792.0,mex
Teclado,,
Monitor,8395.0,
Tablet,,mex
Tablet,,mx
Bocinas,,México
Audifonos,,mx
Camara,4654.0,mex
Tablet,4847.0,
Audifonos,,mex
Laptop,6099.0,
Audifonos,399.0,mx
Teclado,18523.0,mex
Camara,,mx
Mouse,5670.0,México
Teclado,4270.0,
Mouse,17446.0,
Impresora,6835.0,
Audifonos,,mx
Audifonos,,mx
Impresora,,mex
Tablet,,
Mouse,17632.0,
Tablet,16998.0,México
Audifonos,,mx
Monitor,2858.0,mx
Impresora,11774.0,México
Impresora,,México
Laptop,15031.0,México
Teclado,14431.0,mx
Laptop,,México
Impresora,,mx
Impresora,,mex
Impresora,,
Mouse,,
Monitor,,
Camara,13475.0,mex
Audifonos,,mex
Tablet,5788.0,mex
Impresora,,mx
Impresora,18661.0,
Teclado,,mex
Audifonos,12939.0,mex
Impresora,1060.0,México
Camara,,México
Audifonos,,
Laptop,8919.0,México
Tablet,,mex
Monitor,,mex
Monitor,7051.0,
Camara,18174.0,
Mouse,,mx
Monitor,8999.0,México
Bocinas,,
Bocinas,18660.0,
Audifonos,,mex
Laptop,7808.0,mex
Impresora,,México
Bocinas,,mx
Bocinas,,mex
Laptop,7683.0,México
Mouse,15533.0,México
Tablet,,
Laptop,,mex
Bocinas,,mex
Monitor,16643.0,México
Impresora,15555.0,mx
Tablet,,México
Teclado,,mex
Teclado,,mx
Bocinas,2289.0,mx
Audifonos,,mex
Laptop,,México
Audifonos,,México
Audifonos,3089.0,
Impresora,19764.0,mex
Bocinas,12757.0,mex
Bocinas,18843.0,México
Impresora,,mex
Monitor,1843.0,mx
Impresora,16482.0,México
Laptop,17039.0,mex
Camara,18604.0,mx
Bocinas,,México
Mouse,707.0,mx
Laptop,,México
Monitor,12442.0,
Audifonos,,
Mouse,,mex
Teclado,7803.0,México
Mouse,,mx
Camara,,mx
Camara,15150.0,
Camara,,mex
Audifonos,,México
Teclado,7136.0,México
Impresora,,
Camara,19671.0,México
Tablet,12690.0,mx
Bocinas,,México
Bocinas,679.0,México
Laptop,18470.0,
Camara,11304.0,
Impresora,,mx
Audifonos,19097.0,México
Audifonos,,mex
Monitor,,mx
Monitor,,mex
Impresora,14731.0,mx
Mouse,6954.0,mex
Impresora,,
Mouse,,mex
Mouse,6933.0,
Audifonos,1932.0,México
Impresora,,mx
Laptop,1298.0,México
Laptop,7548.0,México
Bocinas,,
Teclado,,México
Monitor,8525.0,México
Audifonos,,mex
Camara,12169.0,México
Teclado,10235.0,mex
Camara,,
Monitor,,mx
Tablet,,mx
Laptop,,México
Tablet,,mx
Camara,6838.0,mx
Monitor,10301.0,mex
Impresora,1155.0,México
Teclado,,mx
Teclado,8426.0,mex
Tablet,,mex
Teclado,16053.0,México
Camara,,
Camara,14811.0,
Bocinas,,
Monitor,3143.0,
Teclado,6447.0,México
Bocinas,,mex
Tablet,,mx
Laptop,8473.0,
Mouse,,mex
Tablet,,México
Tablet,,mx
Monitor,1037.0,mex
Camara,9928.0,
Laptop,2097.0,mx
Camara,8426.0,
Monitor,12057.0,mx
Monitor,5107.0,
Tablet,560.0,mex
Audifonos,,México
Camara,,mx
Bocinas,,mex
Impresora,,
Tablet,,mx
Monitor,,México
Camara,,mx
Bocinas,6247.0,
Audifonos,12080.0,
Audifonos,8833.0,mx
Tablet,11241.0,mex
Camara,18503.0,México
Mouse,6463.0,mex
Mouse,,
Impresora,,mx
Tablet,12458.0,mex
Impresora,,México
Bocinas,2920.0,
Monitor,,mx
Audifonos,11403.0,
Audifonos,,México
Bocinas,11011.0,mex
Mouse,,mx
Impresora,15482.0,mx
Tablet,641.0,mx
Mouse,9648.0,mex
Audifonos,15011.0,México
Impresora,9293.0,mex
Audifonos,711.0,mex
Monitor,,mex
Monitor,19612.0,
Mouse,,mx
Bocinas,,
Bocinas,8850.0,mex
Tablet,,México
Impresora,17425.0,México
Laptop,,
Mouse,,mex
Impresora,,mx
Camara,14083.0,mex
Teclado,18366.0,México
Mouse,12980.0,
Monitor,,
Monitor,13193.0,mex
Teclado,3084.0,
Teclado,,
Monitor,18016.0,México
Laptop,,mx
Monitor,18864.0,México
Tablet,19573.0,
Camara,,México
Laptop,,mx
Tablet,19761.0,
Teclado,,México
Impresora,7213.0,mex
Bocinas,,mex
Tablet,17761.0,
Tablet,,México
Bocinas,,México
Impresora,10849.0,México
Teclado,,mx
Laptop,8473.0,
Camara,13475.0,mex
Camara,,mex
Camara,17626.0,mex
Laptop,,México
Teclado,,mex
Impresora,7845.0,mex
Impresora,,México
Laptop,,
Teclado,16053.0,México
Camara,,mx
Mouse,7541.0,mex
Monitor,7051.0,
Laptop,19515.0,mex
Teclado,,mex
Mouse,,mx
Bocinas,,México
Monitor,16039.0,México
Bocinas,18333.0,mex
Tablet,,México
Monitor,,
Audifonos,,mex
Audifonos,12080.0,
Laptop,6901.0,mex
Monitor,,México
Teclado,4270.0,
Impresora,,mex
Monitor,5766.0,mx
Bocinas,,México
Tablet,,México
Teclado,,México
Camara,,
Audifonos,,
Teclado,3442.0,
Monitor,13153.0,mx
Laptop,,mx
Laptop,,México
Mouse,,mx
Camara,,México
Bocinas,,mx
Camara,3626.0,mex
Laptop,8269.0,
Monitor,13095.0,mex
Laptop,7808.0,mex
Monitor,8399.0,
Bocinas,12955.0,mx
Camara,11165.0,mx
Monitor,,
Teclado,13025.0,
Camara,,México
Mouse,,México
Camara,,mex
Bocinas,7450.0,
Mouse,1999.0,mx
Tablet,19795.0,México
Camara,5708.0,México
Teclado,,México
Monitor,4510.0,
Laptop,16596.0,mx
Mouse,8383.0,
Bocinas,9726.0,mx
Mouse,,
Bocinas,,mx
Impresora,,mx
Monitor,10623.0,mx
Impresora,,mx
Mouse,,
Audifonos,9621.0,mex
Bocinas,,México
Teclado,,
Monitor,17234.0,mx
Monitor,,
Tablet,,
Mouse,16895.0,México
Impresora,10617.0,México
Tablet,,mx
Impresora,,
Impresora,,mx
Mouse,,
Audifonos,12601.0,mx
Laptop,,mx
Mouse,,mex
Laptop,4301.0,mx
Mouse,,mx
Mouse,,México
Tablet,11008.0,México
Mouse,3519.0,mex
Laptop,6671.0,mx
Bocinas,7805.0,
Laptop,,
Mouse,11712.0,México
Monitor,673.0,
Tablet,,mex
Laptop,,mex
